{
    "pixelRDE": {
        "average": 0.30261452471635325,
        "median": 0.2125963063725822,
        "iqm_score": 0.24303578036659534,
        "std": 0.29981719173957366,
        "std_error": 0.029981719173957366
    },
    "pixelRDE_saliency": {
        "average": 0.3125059194430767,
        "median": 0.23370997078237815,
        "iqm_score": 0.2588505757539789,
        "std": 0.29903823883251,
        "std_error": 0.029903823883251003
    },
    "pixelRDE_uniform": {
        "average": 0.30758713126189485,
        "median": 0.19756222123314898,
        "iqm_score": 0.23556865812813085,
        "std": 0.31120453063270753,
        "std_error": 0.031120453063270753
    },
    "waveletX": {
        "average": 0.40356325311044505,
        "median": 0.42923427147150484,
        "iqm_score": 0.4038544306954595,
        "std": 0.2908190899430718,
        "std_error": 0.029081908994307182
    },
    "waveletX_saliency": {
        "average": 0.401477452396477,
        "median": 0.4377980385114026,
        "iqm_score": 0.3999217259943066,
        "std": 0.2950473483648234,
        "std_error": 0.02950473483648234
    },
    "waveletX_uniform": {
        "average": 0.3183102136816221,
        "median": 0.2858649015052313,
        "iqm_score": 0.27818251741361016,
        "std": 0.3044629277720957,
        "std_error": 0.03044629277720957
    },
    "shearletX": {
        "average": 0.060888805916428215,
        "median": 0.0009033244690935275,
        "iqm_score": 0.006887424527845092,
        "std": 0.15606851897597843,
        "std_error": 0.015606851897597843
    },
    "shearletX_saliency": {
        "average": 0.07492879865348598,
        "median": -0.0002913260874099666,
        "iqm_score": 0.016858232533617547,
        "std": 0.16778450510492676,
        "std_error": 0.016778450510492676
    },
    "shearletX_uniform": {
        "average": 0.056351382133574116,
        "median": 0.00017195746495276683,
        "iqm_score": 0.007542870535257689,
        "std": 0.14061625811162018,
        "std_error": 0.014061625811162017
    },
    "IG": {
        "average": 0.2957752097228652,
        "median": 0.26085829874027994,
        "iqm_score": 0.25775286483495874,
        "std": 0.26357262245900837,
        "std_error": 0.026357262245900837
    },
    "GradCAM": {
        "average": 0.40049364610061977,
        "median": 0.3993926384250853,
        "iqm_score": 0.40945222218648003,
        "std": 0.28048900637397867,
        "std_error": 0.028048900637397865
    },
    "random baseline": {
        "average": 0.0,
        "median": 0.0,
        "iqm_score": 0.0,
        "std": 0.0,
        "std_error": 0.0
    }
}