{
    "pixelRDE": {
        "average": 0.3097584210669427,
        "median": 0.22545982797192798,
        "iqm_score": 0.25094171158918893,
        "std": 0.29965129372790167,
        "std_error": 0.029965129372790167
    },
    "pixelRDE_saliency": {
        "average": 0.28431280395355674,
        "median": 0.1693498659645078,
        "iqm_score": 0.21713230830163746,
        "std": 0.2952690974432925,
        "std_error": 0.029526909744329248
    },
    "pixelRDE_uniform": {
        "average": 0.27660585536332394,
        "median": 0.16104214720555526,
        "iqm_score": 0.20358777249002646,
        "std": 0.29915069980059183,
        "std_error": 0.029915069980059182
    },
    "waveletX": {
        "average": 0.39433058466361187,
        "median": 0.426622312451179,
        "iqm_score": 0.393983813238542,
        "std": 0.2877371533805068,
        "std_error": 0.028773715338050683
    },
    "waveletX_saliency": {
        "average": 0.3720332514473617,
        "median": 0.3845569111347307,
        "iqm_score": 0.3648489867806275,
        "std": 0.2907847156800352,
        "std_error": 0.02907847156800352
    },
    "waveletX_uniform": {
        "average": 0.293379805693205,
        "median": 0.20632151172134244,
        "iqm_score": 0.2370883426819329,
        "std": 0.3066606024628359,
        "std_error": 0.03066606024628359
    },
    "shearletX": {
        "average": 0.04822666419824378,
        "median": -0.00455194567635325,
        "iqm_score": -0.0023354676309546435,
        "std": 0.1387481320461266,
        "std_error": 0.01387481320461266
    },
    "shearletX_saliency": {
        "average": 0.06842731070453172,
        "median": 0.009952299330538063,
        "iqm_score": 0.01614883997341472,
        "std": 0.1555901791403962,
        "std_error": 0.01555901791403962
    },
    "shearletX_uniform": {
        "average": 0.0474913942977728,
        "median": -0.004718700932876821,
        "iqm_score": -0.0016497922993212453,
        "std": 0.14960666810556036,
        "std_error": 0.014960666810556036
    },
    "IG": {
        "average": 0.2957752097228652,
        "median": 0.26085829874027994,
        "iqm_score": 0.25775286483495874,
        "std": 0.26357262245900837,
        "std_error": 0.026357262245900837
    },
    "GradCAM": {
        "average": 0.40049364610061977,
        "median": 0.3993926384250853,
        "iqm_score": 0.40945222218648003,
        "std": 0.28048900637397867,
        "std_error": 0.028048900637397865
    },
    "random baseline": {
        "average": 0.0,
        "median": 0.0,
        "iqm_score": 0.0,
        "std": 0.0,
        "std_error": 0.0
    }
}