{
    "pixelRDE": {
        "average": 0.28622697643016437,
        "median": 0.2380682514737379,
        "iqm_score": 0.24895863245136676,
        "std": 0.3041772191782603,
        "std_error": 0.03041772191782603
    },
    "pixelRDE_saliency": {
        "average": 0.41707050690265396,
        "median": 0.44682389161390024,
        "iqm_score": 0.4363467817472324,
        "std": 0.2822569089195128,
        "std_error": 0.028225690891951278
    },
    "pixelRDE_uniform": {
        "average": 0.3744503401322758,
        "median": 0.4146300157564026,
        "iqm_score": 0.3962179012274671,
        "std": 0.24736700969776249,
        "std_error": 0.02473670096977625
    },
    "waveletX": {
        "average": 0.24527931940442765,
        "median": 0.22736889017072637,
        "iqm_score": 0.21930146237090395,
        "std": 0.21094487830777958,
        "std_error": 0.02109448783077796
    },
    "waveletX_saliency": {
        "average": 0.44046178864068253,
        "median": 0.5262307789894988,
        "iqm_score": 0.47460345004428867,
        "std": 0.28152407487405023,
        "std_error": 0.028152407487405023
    },
    "waveletX_uniform": {
        "average": 0.3149500308850481,
        "median": 0.3132806952443238,
        "iqm_score": 0.3196916655029664,
        "std": 0.2083143494342186,
        "std_error": 0.020831434943421857
    },
    "shearletX": {
        "average": 0.14890163574638737,
        "median": 0.0754852319834424,
        "iqm_score": 0.09424170964354328,
        "std": 0.18723323040722592,
        "std_error": 0.018723323040722592
    },
    "shearletX_saliency": {
        "average": 0.2522564054221441,
        "median": 0.21880591794427662,
        "iqm_score": 0.2271203676964151,
        "std": 0.21493062558151035,
        "std_error": 0.021493062558151036
    },
    "shearletX_uniform": {
        "average": 0.1125136100214334,
        "median": 0.08557300647052771,
        "iqm_score": 0.09555507445510723,
        "std": 0.16640155102758464,
        "std_error": 0.016640155102758465
    },
    "IG": {
        "average": 0.2957752097228652,
        "median": 0.26085829874027994,
        "iqm_score": 0.25775286483495874,
        "std": 0.26357262245900837,
        "std_error": 0.026357262245900837
    },
    "GradCAM": {
        "average": 0.40049364610061977,
        "median": 0.3993926384250853,
        "iqm_score": 0.40945222218648003,
        "std": 0.28048900637397867,
        "std_error": 0.028048900637397865
    },
    "random baseline": {
        "average": 0.0,
        "median": 0.0,
        "iqm_score": 0.0,
        "std": 0.0,
        "std_error": 0.0
    }
}