{
    "pixelRDE": {
        "average": 0.34643642721065554,
        "median": 0.31062532157226386,
        "iqm_score": 0.29690727083250457,
        "std": 0.3173280116720712,
        "std_error": 0.03173280116720712
    },
    "pixelRDE_saliency": {
        "average": 0.34321943780166597,
        "median": 0.3125966439808774,
        "iqm_score": 0.2943623081435381,
        "std": 0.3048848925632109,
        "std_error": 0.03048848925632109
    },
    "pixelRDE_uniform": {
        "average": 0.347336007399293,
        "median": 0.2926624749602814,
        "iqm_score": 0.30018089849021484,
        "std": 0.3166121958536615,
        "std_error": 0.03166121958536615
    },
    "waveletX": {
        "average": 0.4374652661987534,
        "median": 0.44344749534118033,
        "iqm_score": 0.4483868658786346,
        "std": 0.29859246530630207,
        "std_error": 0.029859246530630205
    },
    "waveletX_saliency": {
        "average": 0.4365344889646692,
        "median": 0.45880489610032216,
        "iqm_score": 0.45047419245054493,
        "std": 0.3007349329565397,
        "std_error": 0.03007349329565397
    },
    "waveletX_uniform": {
        "average": 0.3356249581146898,
        "median": 0.3516012992917445,
        "iqm_score": 0.3076029403025706,
        "std": 0.3055231629059531,
        "std_error": 0.03055231629059531
    },
    "shearletX": {
        "average": 0.07359512129346259,
        "median": 0.0,
        "iqm_score": 0.01620042342746022,
        "std": 0.16611317088983069,
        "std_error": 0.016611317088983068
    },
    "shearletX_saliency": {
        "average": 0.08055637302861088,
        "median": 0.002248321145035523,
        "iqm_score": 0.020282439779256943,
        "std": 0.17280059246445015,
        "std_error": 0.017280059246445014
    },
    "shearletX_uniform": {
        "average": 0.04754661208170411,
        "median": 0.0,
        "iqm_score": 0.007644290186282563,
        "std": 0.126721638028288,
        "std_error": 0.0126721638028288
    },
    "IG": {
        "average": 0.2957752097228652,
        "median": 0.26085829874027994,
        "iqm_score": 0.25775286483495874,
        "std": 0.26357262245900837,
        "std_error": 0.026357262245900837
    },
    "GradCAM": {
        "average": 0.40049364610061977,
        "median": 0.3993926384250853,
        "iqm_score": 0.40945222218648003,
        "std": 0.28048900637397867,
        "std_error": 0.028048900637397865
    },
    "random baseline": {
        "average": 0.0,
        "median": 0.0,
        "iqm_score": 0.0,
        "std": 0.0,
        "std_error": 0.0
    }
}