{
    "pixelRDE": {
        "average": 0.33396796053198297,
        "median": 0.26506537257871654,
        "iqm_score": 0.27740803002753256,
        "std": 0.31261871587201834,
        "std_error": 0.03126187158720183
    },
    "pixelRDE_saliency": {
        "average": 0.33698760775225267,
        "median": 0.2982142993829413,
        "iqm_score": 0.2801820132002603,
        "std": 0.3115187240168359,
        "std_error": 0.03115187240168359
    },
    "pixelRDE_uniform": {
        "average": 0.3431514203761614,
        "median": 0.27647134589869504,
        "iqm_score": 0.29316907912589835,
        "std": 0.31068283285520804,
        "std_error": 0.031068283285520804
    },
    "waveletX": {
        "average": 0.428716138687064,
        "median": 0.4532095086328484,
        "iqm_score": 0.4426950242800852,
        "std": 0.2906049302660824,
        "std_error": 0.029060493026608243
    },
    "waveletX_saliency": {
        "average": 0.41493913962894313,
        "median": 0.45006635166977155,
        "iqm_score": 0.4221974895984688,
        "std": 0.30468562459697285,
        "std_error": 0.030468562459697285
    },
    "waveletX_uniform": {
        "average": 0.288847459787114,
        "median": 0.18773380293663572,
        "iqm_score": 0.23121637478404924,
        "std": 0.30107753084341493,
        "std_error": 0.030107753084341493
    },
    "shearletX": {
        "average": 0.058266534455238245,
        "median": 0.0,
        "iqm_score": 0.007146022458489585,
        "std": 0.1502822558800388,
        "std_error": 0.01502822558800388
    },
    "shearletX_saliency": {
        "average": 0.08630191247107194,
        "median": 0.02186954742201734,
        "iqm_score": 0.02916429122527729,
        "std": 0.16918659220425972,
        "std_error": 0.01691865922042597
    },
    "shearletX_uniform": {
        "average": 0.062177797829754036,
        "median": -8.669531170129272e-06,
        "iqm_score": 0.008047555587577509,
        "std": 0.15149926442536688,
        "std_error": 0.015149926442536687
    },
    "IG": {
        "average": 0.2957752097228652,
        "median": 0.26085829874027994,
        "iqm_score": 0.25775286483495874,
        "std": 0.26357262245900837,
        "std_error": 0.026357262245900837
    },
    "GradCAM": {
        "average": 0.40049364610061977,
        "median": 0.3993926384250853,
        "iqm_score": 0.40945222218648003,
        "std": 0.28048900637397867,
        "std_error": 0.028048900637397865
    },
    "random baseline": {
        "average": 0.0,
        "median": 0.0,
        "iqm_score": 0.0,
        "std": 0.0,
        "std_error": 0.0
    }
}