{
    "pixelRDE": {
        "average": 0.3278291767949857,
        "median": 0.25524922412415685,
        "iqm_score": 0.27251146336795723,
        "std": 0.3064345796349648,
        "std_error": 0.03064345796349648
    },
    "pixelRDE_saliency": {
        "average": 0.31665768929197197,
        "median": 0.2542008178971964,
        "iqm_score": 0.2554376525293204,
        "std": 0.3078883924855868,
        "std_error": 0.03078883924855868
    },
    "pixelRDE_uniform": {
        "average": 0.3132354053284526,
        "median": 0.2321256923740052,
        "iqm_score": 0.24928255445230862,
        "std": 0.30826397039193026,
        "std_error": 0.030826397039193026
    },
    "waveletX": {
        "average": 0.41244997826994667,
        "median": 0.4519049495889032,
        "iqm_score": 0.41155906764824635,
        "std": 0.29330887313069814,
        "std_error": 0.029330887313069813
    },
    "waveletX_saliency": {
        "average": 0.4110065092475244,
        "median": 0.4255946207104282,
        "iqm_score": 0.4183461318674637,
        "std": 0.2913100841764058,
        "std_error": 0.029131008417640582
    },
    "waveletX_uniform": {
        "average": 0.31486337517612184,
        "median": 0.2891556434502367,
        "iqm_score": 0.2654573848333049,
        "std": 0.3042672794467665,
        "std_error": 0.03042672794467665
    },
    "shearletX": {
        "average": 0.0669401500904311,
        "median": -0.0017400091457853042,
        "iqm_score": 0.0025764097219652103,
        "std": 0.1691228496913956,
        "std_error": 0.01691228496913956
    },
    "shearletX_saliency": {
        "average": 0.07557499185774258,
        "median": 0.017595782940000887,
        "iqm_score": 0.02506391414903208,
        "std": 0.16121048489372342,
        "std_error": 0.01612104848937234
    },
    "shearletX_uniform": {
        "average": 0.059754829172575324,
        "median": -0.0003901176063392077,
        "iqm_score": 0.005487987846126696,
        "std": 0.15396984420216017,
        "std_error": 0.015396984420216017
    },
    "IG": {
        "average": 0.2957752097228652,
        "median": 0.26085829874027994,
        "iqm_score": 0.25775286483495874,
        "std": 0.26357262245900837,
        "std_error": 0.026357262245900837
    },
    "GradCAM": {
        "average": 0.40049364610061977,
        "median": 0.3993926384250853,
        "iqm_score": 0.40945222218648003,
        "std": 0.28048900637397867,
        "std_error": 0.028048900637397865
    },
    "random baseline": {
        "average": 0.0,
        "median": 0.0,
        "iqm_score": 0.0,
        "std": 0.0,
        "std_error": 0.0
    }
}