{
    "pixelRDE": {
        "average": 0.0,
        "median": 0.0,
        "iqm_score": 0.0,
        "std": 0.0,
        "std_error": 0.0
    },
    "pixelRDE_saliency": {
        "average": 0.20787460693840057,
        "median": 0.15750218989329579,
        "iqm_score": 0.1579310815091116,
        "std": 0.22237044862790026,
        "std_error": 0.022237044862790024
    },
    "pixelRDE_uniform": {
        "average": 0.0003599988647920815,
        "median": 0.0012207391324910513,
        "iqm_score": 0.002877419676536328,
        "std": 0.030563295006571314,
        "std_error": 0.003056329500657131
    },
    "waveletX": {
        "average": 0.0,
        "median": 0.0,
        "iqm_score": 0.0,
        "std": 0.0,
        "std_error": 0.0
    },
    "waveletX_saliency": {
        "average": 0.32987686222156426,
        "median": 0.3345085368333699,
        "iqm_score": 0.3243419878109908,
        "std": 0.23030198680007907,
        "std_error": 0.023030198680007906
    },
    "waveletX_uniform": {
        "average": -0.0033200961113366008,
        "median": -0.0007782635064278644,
        "iqm_score": -0.0024601298440732763,
        "std": 0.033799065081326754,
        "std_error": 0.0033799065081326755
    },
    "shearletX": {
        "average": 0.0,
        "median": 0.0,
        "iqm_score": 0.0,
        "std": 0.0,
        "std_error": 0.0
    },
    "shearletX_saliency": {
        "average": 0.20262516700576852,
        "median": 0.1538734114988771,
        "iqm_score": 0.1625506677711009,
        "std": 0.21308702156823323,
        "std_error": 0.021308702156823324
    },
    "shearletX_uniform": {
        "average": -0.00019672260617248805,
        "median": -0.0008318069613633752,
        "iqm_score": -0.0013121456789459028,
        "std": 0.027978481900797915,
        "std_error": 0.0027978481900797917
    },
    "IG": {
        "average": 0.2957752097228652,
        "median": 0.26085829874027994,
        "iqm_score": 0.25775286483495874,
        "std": 0.26357262245900837,
        "std_error": 0.026357262245900837
    },
    "GradCAM": {
        "average": 0.40049364610061977,
        "median": 0.3993926384250853,
        "iqm_score": 0.40945222218648003,
        "std": 0.28048900637397867,
        "std_error": 0.028048900637397865
    },
    "random baseline": {
        "average": 0.0,
        "median": 0.0,
        "iqm_score": 0.0,
        "std": 0.0,
        "std_error": 0.0
    }
}