{
    "pixelRDE": {
        "average": 0.3509048452783759,
        "median": 0.25208441815629573,
        "iqm_score": 0.3035474439360552,
        "std": 0.31835941317943955,
        "std_error": 0.031835941317943955
    },
    "pixelRDE_saliency": {
        "average": 0.3474356737537934,
        "median": 0.28502591541827904,
        "iqm_score": 0.29877443462576775,
        "std": 0.3116889794714206,
        "std_error": 0.03116889794714206
    },
    "pixelRDE_uniform": {
        "average": 0.36306006247050254,
        "median": 0.2919927423484875,
        "iqm_score": 0.31765330165702493,
        "std": 0.3173415080782735,
        "std_error": 0.03173415080782735
    },
    "waveletX": {
        "average": 0.4471575653835528,
        "median": 0.47039025645013977,
        "iqm_score": 0.47381279615118627,
        "std": 0.30440598084309184,
        "std_error": 0.030440598084309184
    },
    "waveletX_saliency": {
        "average": 0.4355541365784724,
        "median": 0.44299002383236563,
        "iqm_score": 0.45455389409875535,
        "std": 0.30394602546994864,
        "std_error": 0.030394602546994866
    },
    "waveletX_uniform": {
        "average": 0.3297519908854439,
        "median": 0.32938500223894523,
        "iqm_score": 0.29396846449861197,
        "std": 0.3158286214616362,
        "std_error": 0.03158286214616362
    },
    "shearletX": {
        "average": 0.07809021813985213,
        "median": 0.003210354304358594,
        "iqm_score": 0.01376778296099003,
        "std": 0.17776286261096652,
        "std_error": 0.017776286261096653
    },
    "shearletX_saliency": {
        "average": 0.09509145063469562,
        "median": 0.02380716459251525,
        "iqm_score": 0.035132474133408954,
        "std": 0.17642544312825267,
        "std_error": 0.01764254431282527
    },
    "shearletX_uniform": {
        "average": 0.07079622673400826,
        "median": 0.0030087709554573287,
        "iqm_score": 0.013423731538319389,
        "std": 0.16555973939128174,
        "std_error": 0.016555973939128173
    },
    "IG": {
        "average": 0.2957752097228652,
        "median": 0.26085829874027994,
        "iqm_score": 0.25775286483495874,
        "std": 0.26357262245900837,
        "std_error": 0.026357262245900837
    },
    "GradCAM": {
        "average": 0.40049364610061977,
        "median": 0.3993926384250853,
        "iqm_score": 0.40945222218648003,
        "std": 0.28048900637397867,
        "std_error": 0.028048900637397865
    },
    "random baseline": {
        "average": 0.0,
        "median": 0.0,
        "iqm_score": 0.0,
        "std": 0.0,
        "std_error": 0.0
    }
}