{
    "pixelRDE": {
        "average": 0.49903888246509515,
        "median": 0.5862810156577564,
        "iqm_score": 0.5315195026215498,
        "std": 0.34940275531359033,
        "std_error": 0.03494027553135903
    },
    "pixelRDE_saliency": {
        "average": 0.4628842197171229,
        "median": 0.4696840811939665,
        "iqm_score": 0.47341074603008076,
        "std": 0.3246472055447158,
        "std_error": 0.03246472055447158
    },
    "pixelRDE_uniform": {
        "average": 0.4812012433097735,
        "median": 0.5072919305419433,
        "iqm_score": 0.5033141962229034,
        "std": 0.32523573110739273,
        "std_error": 0.03252357311073927
    },
    "waveletX": {
        "average": 0.4236864112316459,
        "median": 0.4608760094355609,
        "iqm_score": 0.43660472909803877,
        "std": 0.30515864359654016,
        "std_error": 0.030515864359654015
    },
    "waveletX_saliency": {
        "average": 0.4627709684965787,
        "median": 0.5047374550796999,
        "iqm_score": 0.4999264564543464,
        "std": 0.3002087269985101,
        "std_error": 0.030020872699851008
    },
    "waveletX_uniform": {
        "average": 0.41703281214169785,
        "median": 0.4465916401103647,
        "iqm_score": 0.43821285472495985,
        "std": 0.2691462453976062,
        "std_error": 0.026914624539760616
    },
    "shearletX": {
        "average": 0.27718705947392974,
        "median": 0.25820244454486346,
        "iqm_score": 0.2404753442501947,
        "std": 0.24788029047625398,
        "std_error": 0.0247880290476254
    },
    "shearletX_saliency": {
        "average": 0.28554940358792036,
        "median": 0.22926881772106208,
        "iqm_score": 0.2512558284313439,
        "std": 0.25660762677298715,
        "std_error": 0.025660762677298714
    },
    "shearletX_uniform": {
        "average": 0.21126709120542717,
        "median": 0.1485102104313028,
        "iqm_score": 0.17335244806740324,
        "std": 0.2539966731556843,
        "std_error": 0.02539966731556843
    },
    "IG": {
        "average": 0.2957752097228652,
        "median": 0.26085829874027994,
        "iqm_score": 0.25775286483495874,
        "std": 0.26357262245900837,
        "std_error": 0.026357262245900837
    },
    "GradCAM": {
        "average": 0.40049364610061977,
        "median": 0.3993926384250853,
        "iqm_score": 0.40945222218648003,
        "std": 0.28048900637397867,
        "std_error": 0.028048900637397865
    },
    "random baseline": {
        "average": 0.0,
        "median": 0.0,
        "iqm_score": 0.0,
        "std": 0.0,
        "std_error": 0.0
    }
}